Date,Student ID,Study hrs,Percantege,Class,Section
01-07-2019,1001,2,50,10,A
02-07-2019,1002,3,80,10,B
03-07-2019,,3,60,10,A
04-07-2019,,3,50,11,C
05-07-2019,1005,4,80,11,C
06-07-2019,,10,60,11,C
07-07-2019,1007,4,80,12,B
08-07-2019,1008,3,90,12,A
09-07-2019,1009,4,60,12,D
10-07-2019,1010,6,85,12,A
,,4,60,10,
,,5,70,10,
,,2,45,10,
,,3,50,11,
,,3,80,11,
,,3,60,11,
,,4,50,12,
,,10,80,12,
,,4,60,12,
,,3,80,12,
,,4,90,10,
,,6,60,10,
,,4,85,10,
,,5,60,11,
,,2,70,11,
,,3,75,11,
,,3,50,12,
,,3,80,12,
,,4,60,12,
,,7,50,12,
,,4,80,11,
,,3,60,10,
,,4,80,10,
,,6,90,10,
,,4,60,11,
,,5,85,11,
,,6,60,11,
,,2,70,12,
,,3,50,12,
,,3,80,12,
,,3,60,12,
,,4,50,10,
,,10,80,10,
,,4,60,10,
,,3,80,10,
,,4,90,11,
,,6,60,11,
,,4,85,11,
,,5,60,12,
,,7,70,12,
,,2,90,12,
,,3,65,12,
,,3,50,10,
,,3,80,10,
,,4,60,10,
,,10,50,11,
,,4,80,11,
,,3,60,11,
,,4,80,12,
,,6,90,12,
,,4,60,12,
,,5,85,12,
,,9,60,10,
,,2,70,10,
,,2,50,10,
,,3,80,10,
,,3,60,11,
,,3,50,11,
,,4,80,11,
,,10,60,12,
,,4,80,12,
,,3,90,12,
,,4,60,12,
,,6,85,11,
,,4,60,10,
,,5,70,11,
